City,Country,Venue,Opening act(s),Revenue,Tour,Tickets sold,Tickets available,Tickets remaining,Number of opening acts,Capacity utilization,Average ticket price
Evansville,United States,Roberts Municipal Stadium,Gloriana and Kellie Pickler,360617.0,Fearless Tour,7463.0,7463.0,0.0,2,1.0,48.32064853276162
Jonesboro,United States,Convocation Center,Gloriana and Kellie Pickler,340328.0,Fearless Tour,7822.0,7822.0,0.0,2,1.0,43.50907696241371
St. Louis,United States,Scottrade Center,Gloriana and Kellie Pickler,650420.0,Fearless Tour,13764.0,13764.0,0.0,2,1.0,47.25515838419064
North Charleston,United States,North Charleston Coliseum,Gloriana and Kellie Pickler,398154.0,Fearless Tour,8751.0,8751.0,0.0,2,1.0,45.498114501199865
Jacksonville,United States,Jacksonville Veterans Memorial Arena,Gloriana and Kellie Pickler,507012.0,Fearless Tour,11072.0,11072.0,0.0,2,1.0,45.79226878612717
Biloxi,United States,Mississippi Coast Coliseum,Gloriana and Kellie Pickler,437313.0,Fearless Tour,9436.0,9436.0,0.0,2,1.0,46.34516744383213
London,England,Shepherd's Bush Empire,No Opening Act,200664.0,Fearless Tour,3394.5,3394.5,0.0,0,1.0,59.114449845338044
London,England,Shepherd's Bush Empire,No Opening Act,200664.0,Fearless Tour,3394.5,3394.5,0.0,0,1.0,59.114449845338044
Spokane,United States,Spokane Arena,Gloriana and Kellie Pickler,482146.0,Fearless Tour,10798.0,10798.0,0.0,2,1.0,44.651416929060936
Seattle,United States,KeyArena,Gloriana and Kellie Pickler,528637.0,Fearless Tour,12061.0,12061.0,0.0,2,1.0,43.830279412984
Portland,United States,Rose Garden Arena,Gloriana and Kellie Pickler,613284.0,Fearless Tour,13226.0,13226.0,0.0,2,1.0,46.36957507938908
Nampa,United States,Ford Arena,Gloriana and Kellie Pickler,413622.0,Fearless Tour,8970.0,8970.0,0.0,2,1.0,46.11170568561873
Glendale,United States,Jobing.com Arena,Gloriana and Kellie Pickler,647923.0,Fearless Tour,13052.0,13052.0,0.0,2,1.0,49.64166411277965
Los Angeles,United States,Staples Center,Gloriana and Kellie Pickler,720940.0,Fearless Tour,13648.0,13648.0,0.0,2,1.0,52.823856975381005
Paradise,United States,Mandalay Bay Events Center,Gloriana and Kellie Pickler,551051.0,Fearless Tour,8311.0,8311.0,0.0,2,1.0,66.30381422211526
San Diego,United States,Valley View Casino Center,Gloriana and Kellie Pickler,502689.0,Fearless Tour,10174.0,10174.0,0.0,2,1.0,49.40918026341655
Salt Lake City,United States,EnergySolutions Arena,Gloriana and Kellie Pickler,555207.0,Fearless Tour,13042.0,13042.0,0.0,2,1.0,42.570694678730256
Columbia,United States,Merriweather Post Pavilion,Gloriana and Kellie Pickler,608438.0,Fearless Tour,17619.0,17619.0,0.0,2,1.0,34.53306090016459
Greensboro,United States,Greensboro Coliseum,Gloriana and Kellie Pickler,690959.0,Fearless Tour,14641.0,14641.0,0.0,2,1.0,47.19342941055939
Edmonton,Canada,Commonwealth Stadium,No Opening Act,2540906.0,Fearless Tour,33910.0,44500.0,10590.0,0,0.7620224719101124,74.9308758478325
Winnipeg,Canada,MTS Centre,Gloriana and Kellie Pickler,512487.0,Fearless Tour,11369.0,11369.0,0.0,2,1.0,45.07757938253145
New York City,United States,Madison Square Garden,Gloriana and Kellie Pickler,976062.0,Fearless Tour,13597.0,13597.0,0.0,2,1.0,71.78509965433551
Montville,United States,Mohegan Sun Arena,Gloriana and Kellie Pickler,296306.0,Fearless Tour,7507.0,7507.0,0.0,2,1.0,39.470627414413215
Nashville,United States,Bridgestone Arena,Gloriana and Kellie Pickler,642387.0,Fearless Tour,14269.0,14269.0,0.0,2,1.0,45.01976312285374
Dallas,United States,American Airlines Center,Gloriana and Kellie Pickler,628062.0,Fearless Tour,13794.0,13794.0,0.0,2,1.0,45.53153545019574
North Little Rock,United States,Verizon Arena,Gloriana and Kellie Pickler,654089.0,Fearless Tour,13978.0,13978.0,0.0,2,1.0,46.794176563170694
Cleveland,United States,Quicken Loans Arena,Gloriana and Kellie Pickler,743492.0,Fearless Tour,15524.0,15524.0,0.0,2,1.0,47.89306879670188
Indianapolis,United States,Conseco Fieldhouse,Gloriana and Kellie Pickler,634876.0,Fearless Tour,13373.0,13373.0,0.0,2,1.0,47.47446347117326
Rosemont,United States,Allstate Arena,Gloriana and Kellie Pickler,575448.0,Fearless Tour,13132.5,13132.5,0.0,2,1.0,43.81861793260994
Rosemont,United States,Allstate Arena,Gloriana and Kellie Pickler,575448.0,Fearless Tour,13132.5,13132.5,0.0,2,1.0,43.81861793260994
Minneapolis,United States,Target Center,Gloriana and Kellie Pickler,623975.0,Fearless Tour,13563.0,13563.0,0.0,2,1.0,46.005677210056774
Brisbane,Australia,Brisbane Entertainment Centre,Gloriana,956505.0,Fearless Tour,11334.0,11334.0,0.0,1,1.0,84.39253573319216
Sydney,Australia,Acer Arena,Gloriana,1015320.0,Fearless Tour,13515.0,13515.0,0.0,1,1.0,75.12541620421753
Sydney,Australia,Acer Arena,Gloriana,1015320.0,Fearless Tour,13515.0,13515.0,0.0,1,1.0,75.12541620421753
Newcastle,Australia,Newcastle Entertainment Centre,Gloriana,555396.0,Fearless Tour,7180.0,7180.0,0.0,1,1.0,77.35320334261839
Melbourne,Australia,Rod Laver Arena,Gloriana,813755.0,Fearless Tour,11746.5,11746.5,0.0,1,1.0,69.27638019835696
Melbourne,Australia,Rod Laver Arena,Gloriana,813755.0,Fearless Tour,11746.5,11746.5,0.0,1,1.0,69.27638019835696
Adelaide,Australia,Adelaide Entertainment Centre,Gloriana,585352.0,Fearless Tour,9066.0,9066.0,0.0,1,1.0,64.56562982572248
Tampa,United States,St. Pete Times Forum,Gloriana and Kellie Pickler,793049.0,Fearless Tour,13861.0,13861.0,0.0,2,1.0,57.214414544405166
Orlando,United States,Amway Arena,Gloriana and Kellie Pickler,598581.0,Fearless Tour,11101.0,11101.0,0.0,2,1.0,53.921358436176924
Sunrise,United States,BankAtlantic Center,Gloriana and Kellie Pickler,777442.0,Fearless Tour,13453.0,13453.0,0.0,2,1.0,57.78948933323422
Austin,United States,Frank Erwin Center,Gloriana and Kellie Pickler,642705.0,Fearless Tour,11928.0,11928.0,0.0,2,1.0,53.88204225352113
Dallas,United States,American Airlines Center,Gloriana and Kellie Pickler,742954.0,Fearless Tour,14022.0,14022.0,0.0,2,1.0,52.98488090144059
Corpus Christi,United States,American Bank Center Arena,Gloriana and Kellie Pickler,501169.0,Fearless Tour,8423.0,8423.0,0.0,2,1.0,59.500059361272704
Philadelphia,United States,Wells Fargo Center,Gloriana and Kellie Pickler,1001160.5,Fearless Tour,15180.0,15180.0,0.0,2,1.0,65.95260210803688
Philadelphia,United States,Wells Fargo Center,Gloriana and Kellie Pickler,1001160.5,Fearless Tour,15180.0,15180.0,0.0,2,1.0,65.95260210803688
Charlottesville,United States,John Paul Jones Arena,Gloriana and Kellie Pickler,664305.0,Fearless Tour,11858.0,11858.0,0.0,2,1.0,56.021673132062745
Auburn Hills,United States,The Palace of Auburn Hills,Gloriana and Kellie Pickler,855795.5,Fearless Tour,14562.5,14562.5,0.0,2,1.0,58.767072961373394
Auburn Hills,United States,The Palace of Auburn Hills,Gloriana and Kellie Pickler,855795.5,Fearless Tour,14562.5,14562.5,0.0,2,1.0,58.767072961373394
Cincinnati,United States,U.S. Bank Arena,Gloriana and Kellie Pickler,645592.0,Fearless Tour,11208.0,11208.0,0.0,2,1.0,57.60099928622412
Oklahoma City,United States,Ford Center,Gloriana and Kellie Pickler,675184.0,Fearless Tour,11795.0,11795.0,0.0,2,1.0,57.24323866044934
Wichita,United States,Intrust Bank Arena,Gloriana and Kellie Pickler,610801.0,Fearless Tour,11208.0,11208.0,0.0,2,1.0,54.49687723054961
Kansas City,United States,Sprint Center,Gloriana and Kellie Pickler,761110.0,Fearless Tour,13781.0,13781.0,0.0,2,1.0,55.228938393440245
Denver,United States,Pepsi Center,Gloriana and Kellie Pickler,748567.5,Fearless Tour,12995.5,12995.5,0.0,2,1.0,57.602054557346776
Denver,United States,Pepsi Center,Gloriana and Kellie Pickler,748567.5,Fearless Tour,12995.5,12995.5,0.0,2,1.0,57.602054557346776
Fresno,United States,Save Mart Center,Gloriana and Kellie Pickler,649488.0,Fearless Tour,11706.0,11706.0,0.0,2,1.0,55.483341875961045
San Jose,United States,HP Pavilion,Gloriana and Kellie Pickler,716726.0,Fearless Tour,12744.0,12744.0,0.0,2,1.0,56.240269930947896
Los Angeles,United States,Staples Center,Gloriana and Kellie Pickler,868098.5,Fearless Tour,13759.0,13759.0,0.0,2,1.0,63.09313903626717
Los Angeles,United States,Staples Center,Gloriana and Kellie Pickler,868098.5,Fearless Tour,13759.0,13759.0,0.0,2,1.0,63.09313903626717
Lexington,United States,Rupp Arena,Gloriana and Kellie Pickler,1024223.0,Fearless Tour,17966.0,17966.0,0.0,2,1.0,57.00896137147946
Columbia,United States,Colonial Life Arena,Gloriana and Kellie Pickler,755475.0,Fearless Tour,13429.0,13429.0,0.0,2,1.0,56.25698116017574
Raleigh,United States,RBC Center,Gloriana and Kellie Pickler,752303.0,Fearless Tour,13895.0,13895.0,0.0,2,1.0,54.141993522849944
Des Moines,United States,Wells Fargo Arena,Gloriana and Kellie Pickler,738280.0,Fearless Tour,13264.0,13264.0,0.0,2,1.0,55.66043425814234
Saint Paul,United States,Xcel Energy Center,Gloriana and Kellie Pickler,846111.0,Fearless Tour,14914.0,14914.0,0.0,2,1.0,56.73266729247687
Moline,United States,iWireless Center,Gloriana and Kellie Pickler,610668.0,Fearless Tour,10641.0,10641.0,0.0,2,1.0,57.3882153932901
Newark,United States,Prudential Center,Gloriana and Kellie Pickler,871334.5,Fearless Tour,13032.5,13032.5,0.0,2,1.0,66.85858430845963
Newark,United States,Prudential Center,Gloriana and Kellie Pickler,871334.5,Fearless Tour,13032.5,13032.5,0.0,2,1.0,66.85858430845963
Uniondale,United States,Nassau Veterans Memorial Coliseum,Gloriana and Kellie Pickler,856764.5,Fearless Tour,12915.5,12915.5,0.0,2,1.0,66.33614649065076
Uniondale,United States,Nassau Veterans Memorial Coliseum,Gloriana and Kellie Pickler,856764.5,Fearless Tour,12915.5,12915.5,0.0,2,1.0,66.33614649065076
Ottawa,Canada,Scotiabank Place,Gloriana and Kellie Pickler,873206.0,Fearless Tour,13376.0,13376.0,0.0,2,1.0,65.2815490430622
Toronto,Canada,Air Canada Centre,Gloriana and Kellie Pickler,1248845.0,Fearless Tour,15229.0,15229.0,0.0,2,1.0,82.00439950095213
Toronto,Canada,Air Canada Centre,Gloriana and Kellie Pickler,1248845.0,Fearless Tour,15229.0,15229.0,0.0,2,1.0,82.00439950095213
Houston,United States,Toyota Center,Gloriana and Kellie Pickler,645463.0,Fearless Tour,11746.5,11746.5,0.0,2,1.0,54.94938917975567
Houston,United States,Toyota Center,Gloriana and Kellie Pickler,645463.0,Fearless Tour,11746.5,11746.5,0.0,2,1.0,54.94938917975567
Washington,United States,Verizon Center,Gloriana and Kellie Pickler,912371.5,Fearless Tour,13645.0,13645.0,0.0,2,1.0,66.86489556614144
Washington,United States,Verizon Center,Gloriana and Kellie Pickler,912371.5,Fearless Tour,13645.0,13645.0,0.0,2,1.0,66.86489556614144
Foxborough,United States,Gillette Stadium,Gloriana and Justin Bieber and Kellie Pickler,3726157.0,Fearless Tour,56868.0,56868.0,0.0,3,1.0,65.52291271013576
Singapore,Singapore,Singapore Indoor Stadium,Sezairi Sezali,916850.0,Speak Now World Tour,8964.0,8964.0,0.0,1,1.0,102.28134761267292
Seoul,South Korea,Olympic Gymnastics Arena,No Opening Act,385374.0,Speak Now World Tour,4725.0,4725.0,0.0,0,1.0,81.56063492063493
Osaka,Japan,Osaka-Jo Hall,No Opening Act,758113.0,Speak Now World Tour,6953.0,6953.0,0.0,0,1.0,109.03394218323027
Tokyo,Japan,Nippon Budokan,No Opening Act,869113.5,Speak Now World Tour,7977.5,7977.5,0.0,0,1.0,108.94559699153871
Tokyo,Japan,Nippon Budokan,No Opening Act,869113.5,Speak Now World Tour,7977.5,7977.5,0.0,0,1.0,108.94559699153871
Quezon City,Philippines,Smart Araneta Coliseum,Sam Concepcion,859037.0,Speak Now World Tour,12667.0,12667.0,0.0,1,1.0,67.81692587037183
Hong Kong,Hong Kong,AsiaWorld–Arena,Saito Johnny,1030633.0,Speak Now World Tour,12573.0,12573.0,0.0,1,1.0,81.97192396404995
Brussels,Belgium,Forest National,Tom Dice,219212.0,Speak Now World Tour,4622.0,4622.0,0.0,1,1.0,47.42795326698399
Rotterdam,Netherlands,Sportpaleis van Ahoy,Tom Dice,248314.0,Speak Now World Tour,4799.0,4799.0,0.0,1,1.0,51.74286309647843
Oslo,Norway,Oslo Spektrum,No Opening Act,815246.0,Speak Now World Tour,8650.0,8650.0,0.0,0,1.0,94.24809248554914
Oberhausen,Germany,König Pilsener Arena,Martin  and  James,370028.0,Speak Now World Tour,6082.0,6082.0,0.0,2,1.0,60.839855310753045
Milan,Italy,Mediolanum Forum,Emma Marrone,153303.0,Speak Now World Tour,3421.0,5585.0,2164.0,1,0.6125335720680394,44.81233557439345
Paris,France,Zénith de Paris,No Opening Act,201781.0,Speak Now World Tour,3598.0,8500.0,4902.0,0,0.4232941176470588,56.08143413007226
Madrid,Spain,Palacio de los Deportes,The Bright,251864.0,Speak Now World Tour,3962.0,3962.0,0.0,1,1.0,63.56991418475518
Birmingham,England,LG Arena,Martin  and  James,508854.0,Speak Now World Tour,9339.0,9339.0,0.0,2,1.0,54.48699004176036
Belfast,Northern Ireland,Odyssey Arena,Ryan Sheridan,379001.0,Speak Now World Tour,8058.0,8058.0,0.0,1,1.0,47.03412757508067
Dublin,Ireland,The O2,Ryan Sheridan,419806.0,Speak Now World Tour,8681.0,8681.0,0.0,1,1.0,48.35917521022924
Manchester,England,Manchester Evening News Arena,Martin  and  James,580558.0,Speak Now World Tour,10488.0,11622.0,1134.0,2,0.9024264326277749,55.354500381388256
London,England,The O2 Arena,Martin  and  James,891152.0,Speak Now World Tour,15265.0,15681.0,416.0,2,0.9734710796505325,58.378774975434
Omaha,United States,Qwest Center Omaha,Needtobreathe,858552.0,Speak Now World Tour,13496.0,13496.0,0.0,1,1.0,63.61529342027267
Omaha,United States,Qwest Center Omaha,Needtobreathe,858552.0,Speak Now World Tour,13496.0,13496.0,0.0,1,1.0,63.61529342027267
Des Moines,United States,Wells Fargo Arena,Needtobreathe,862771.0,Speak Now World Tour,13149.0,13149.0,0.0,1,1.0,65.61495170735417
Sunrise,United States,BankAtlantic Center,Needtobreathe,791475.5,Speak Now World Tour,12038.5,12038.5,0.0,1,1.0,65.74535864102671
Sunrise,United States,BankAtlantic Center,Needtobreathe,791475.5,Speak Now World Tour,12038.5,12038.5,0.0,1,1.0,65.74535864102671
Orlando,United States,Amway Center,Needtobreathe,791980.0,Speak Now World Tour,12262.0,12262.0,0.0,1,1.0,64.58815853857446
Columbus,United States,Nationwide Arena,Needtobreathe,955259.0,Speak Now World Tour,14817.0,14817.0,0.0,1,1.0,64.47047310521698
Milwaukee,United States,Bradley Center,Needtobreathe,897042.0,Speak Now World Tour,13748.0,13748.0,0.0,1,1.0,65.24890893220832
Detroit,United States,Ford Field,Needtobreathe,3453549.0,Speak Now World Tour,47992.0,47992.0,0.0,1,1.0,71.96093098849808
Saint Paul,United States,Xcel Energy Center,Needtobreathe,956868.5,Speak Now World Tour,14488.5,14488.5,0.0,1,1.0,66.0433102115471
Saint Paul,United States,Xcel Energy Center,Needtobreathe,956868.5,Speak Now World Tour,14488.5,14488.5,0.0,1,1.0,66.0433102115471
Pittsburgh,United States,Heinz Field,Needtobreathe,4009118.0,Speak Now World Tour,52009.0,52009.0,0.0,1,1.0,77.08508142821435
Buffalo,United States,First Niagara Center,Needtobreathe,966749.0,Speak Now World Tour,14487.0,14487.0,0.0,1,1.0,66.73217367294816
Hartford,United States,XL Center,Needtobreathe,810165.0,Speak Now World Tour,12436.0,12436.0,0.0,1,1.0,65.14675136699904
Foxborough,United States,Gillette Stadium,Needtobreathe,4013175.0,Speak Now World Tour,55400.0,55400.0,0.0,1,1.0,72.43998194945848
Foxborough,United States,Gillette Stadium,Needtobreathe,4013175.0,Speak Now World Tour,55400.0,55400.0,0.0,1,1.0,72.43998194945848
Greensboro,United States,Greensboro Coliseum,Needtobreathe,990701.0,Speak Now World Tour,14789.0,14789.0,0.0,1,1.0,66.98904591250253
Knoxville,United States,Thompson–Boling Arena,Needtobreathe,903875.0,Speak Now World Tour,13754.0,13754.0,0.0,1,1.0,65.71724589210412
Montreal,Canada,Bell Centre,Needtobreathe,1254230.0,Speak Now World Tour,13439.0,13439.0,0.0,1,1.0,93.32762854379047
Toronto,Canada,Air Canada Centre,Needtobreathe,1518000.0,Speak Now World Tour,15072.0,15072.0,0.0,1,1.0,100.71656050955414
Toronto,Canada,Air Canada Centre,Needtobreathe,1518000.0,Speak Now World Tour,15072.0,15072.0,0.0,1,1.0,100.71656050955414
Newark,United States,Prudential Center,Needtobreathe,968865.75,Speak Now World Tour,12871.75,12871.75,0.0,1,1.0,75.27070911103773
Newark,United States,Prudential Center,Needtobreathe,968865.75,Speak Now World Tour,12871.75,12871.75,0.0,1,1.0,75.27070911103773
Newark,United States,Prudential Center,Needtobreathe,968865.75,Speak Now World Tour,12871.75,12871.75,0.0,1,1.0,75.27070911103773
Newark,United States,Prudential Center,Needtobreathe,968865.75,Speak Now World Tour,12871.75,12871.75,0.0,1,1.0,75.27070911103773
Grand Rapids,United States,Van Andel Arena,Needtobreathe,724854.0,Speak Now World Tour,11012.0,11012.0,0.0,1,1.0,65.82401017072284
Indianapolis,United States,Conseco Fieldhouse,Needtobreathe,877175.0,Speak Now World Tour,13329.0,13329.0,0.0,1,1.0,65.80951309175482
Cleveland,United States,Quicken Loans Arena,Needtobreathe,976954.0,Speak Now World Tour,14873.0,14873.0,0.0,1,1.0,65.68641161836885
Washington,United States,Verizon Center,Needtobreathe,1034394.5,Speak Now World Tour,14651.5,14651.5,0.0,1,1.0,70.59990444664369
Washington,United States,Verizon Center,Needtobreathe,1034394.5,Speak Now World Tour,14651.5,14651.5,0.0,1,1.0,70.59990444664369
Philadelphia,United States,Lincoln Financial Field,Needtobreathe,4268678.0,Speak Now World Tour,51395.0,51395.0,0.0,1,1.0,83.05628952232708
Rosemont,United States,Allstate Arena,Needtobreathe,954801.5,Speak Now World Tour,13056.0,13056.0,0.0,1,1.0,73.13124234068627
Rosemont,United States,Allstate Arena,Needtobreathe,954801.5,Speak Now World Tour,13056.0,13056.0,0.0,1,1.0,73.13124234068627
St. Louis,United States,Scottrade Center,Needtobreathe,925079.5,Speak Now World Tour,13982.5,13982.5,0.0,1,1.0,66.159806901484
St. Louis,United States,Scottrade Center,Needtobreathe,925079.5,Speak Now World Tour,13982.5,13982.5,0.0,1,1.0,66.159806901484
Edmonton,Canada,Rexall Place,Needtobreathe,1068135.0,Speak Now World Tour,12668.0,12668.0,0.0,1,1.0,84.31757183454373
Edmonton,Canada,Rexall Place,Needtobreathe,1068135.0,Speak Now World Tour,12668.0,12668.0,0.0,1,1.0,84.31757183454373
Los Angeles,United States,Staples Center,Needtobreathe,981788.5,Speak Now World Tour,13725.0,13725.0,0.0,1,1.0,71.53285974499089
Los Angeles,United States,Staples Center,Needtobreathe,981788.5,Speak Now World Tour,13725.0,13725.0,0.0,1,1.0,71.53285974499089
Los Angeles,United States,Staples Center,Needtobreathe,981788.5,Speak Now World Tour,13725.0,13725.0,0.0,1,1.0,71.53285974499089
Los Angeles,United States,Staples Center,Needtobreathe,981788.5,Speak Now World Tour,13725.0,13725.0,0.0,1,1.0,71.53285974499089
San Jose,United States,HP Pavilion,Needtobreathe,912724.0,Speak Now World Tour,12413.5,12413.5,0.0,1,1.0,73.526724936561
San Jose,United States,HP Pavilion,Needtobreathe,912724.0,Speak Now World Tour,12413.5,12413.5,0.0,1,1.0,73.526724936561
Sacramento,United States,Power Balance Pavilion,Needtobreathe,934326.0,Speak Now World Tour,12432.0,12432.0,0.0,1,1.0,75.15492277992279
Portland,United States,Rose Garden Arena,Needtobreathe,903445.0,Speak Now World Tour,13610.0,13610.0,0.0,1,1.0,66.38096987509185
Tacoma,United States,Tacoma Dome,Needtobreathe,1289430.0,Speak Now World Tour,19904.0,19904.0,0.0,1,1.0,64.78245578778134
Vancouver,Canada,Rogers Arena,Needtobreathe,1095340.0,Speak Now World Tour,13015.0,13015.0,0.0,1,1.0,84.15981559738763
Vancouver,Canada,Rogers Arena,Needtobreathe,1095340.0,Speak Now World Tour,13015.0,13015.0,0.0,1,1.0,84.15981559738763
Nashville,United States,Bridgestone Arena,Needtobreathe,920567.0,Speak Now World Tour,14089.0,14089.0,0.0,1,1.0,65.33941372702108
Nashville,United States,Bridgestone Arena,Needtobreathe,920567.0,Speak Now World Tour,14089.0,14089.0,0.0,1,1.0,65.33941372702108
Bossier City,United States,CenturyLink Center,Needtobreathe,728546.0,Speak Now World Tour,11510.0,11510.0,0.0,1,1.0,63.29678540399652
Tulsa,United States,BOK Center,Needtobreathe,907573.0,Speak Now World Tour,12546.0,12546.0,0.0,1,1.0,72.33963016100749
Kansas City,United States,Arrowhead Stadium,Needtobreathe,3148046.0,Speak Now World Tour,48562.0,48562.0,0.0,1,1.0,64.82529549853795
Denver,United States,Pepsi Center,Needtobreathe,834916.0,Speak Now World Tour,12908.0,12908.0,0.0,1,1.0,64.6820576386737
Salt Lake City,United States,EnergySolutions Arena,Needtobreathe,896946.0,Speak Now World Tour,13720.0,13720.0,0.0,1,1.0,65.37507288629737
Atlanta,United States,Philips Arena,Needtobreathe,863330.5,Speak Now World Tour,13122.0,13122.0,0.0,1,1.0,65.7926002133821
Atlanta,United States,Philips Arena,Needtobreathe,863330.5,Speak Now World Tour,13122.0,13122.0,0.0,1,1.0,65.7926002133821
North Little Rock,United States,Verizon Arena,Needtobreathe,856123.0,Speak Now World Tour,13566.0,13566.0,0.0,1,1.0,63.10799056464691
New Orleans,United States,New Orleans Arena,Needtobreathe,830289.0,Speak Now World Tour,12943.0,12943.0,0.0,1,1.0,64.14965618481033
Arlington,United States,Cowboys Stadium,Needtobreathe,4337062.0,Speak Now World Tour,55451.0,55451.0,0.0,1,1.0,78.21431534147266
Louisville,United States,KFC Yum! Center,Needtobreathe,1003828.0,Speak Now World Tour,14848.0,14848.0,0.0,1,1.0,67.60695043103448
Lubbock,United States,United Spirit Arena,Needtobreathe,710426.0,Speak Now World Tour,10419.0,10419.0,0.0,1,1.0,68.18562242057779
Oklahoma City,United States,Chesapeake Energy Arena,Needtobreathe,758364.0,Speak Now World Tour,11592.0,11592.0,0.0,1,1.0,65.42132505175984
San Diego,United States,Valley View Casino Center,Needtobreathe,792634.0,Speak Now World Tour,10834.0,10834.0,0.0,1,1.0,73.16171312534614
Glendale,United States,Jobing.com Arena,Needtobreathe,913012.5,Speak Now World Tour,13514.5,13514.5,0.0,1,1.0,67.55799326649155
Glendale,United States,Jobing.com Arena,Needtobreathe,913012.5,Speak Now World Tour,13514.5,13514.5,0.0,1,1.0,67.55799326649155
San Antonio,United States,AT&T Center,Needtobreathe,901535.0,Speak Now World Tour,13851.0,13851.0,0.0,1,1.0,65.08808028301206
Austin,United States,Frank Erwin Center,Needtobreathe,752078.0,Speak Now World Tour,11999.0,11999.0,0.0,1,1.0,62.678389865822155
Lexington,United States,Rupp Arena,Needtobreathe,1041935.0,Speak Now World Tour,16237.0,16237.0,0.0,1,1.0,64.17041325367987
Memphis,United States,FedExForum,Needtobreathe,820036.0,Speak Now World Tour,12604.0,12604.0,0.0,1,1.0,65.06156775626785
Houston,United States,Minute Maid Park,Needtobreathe,3435756.0,Speak Now World Tour,42095.0,42095.0,0.0,1,1.0,81.61909965554104
Jacksonville,United States,Jacksonville Veterans Memorial Arena,Needtobreathe,749099.0,Speak Now World Tour,11785.0,11785.0,0.0,1,1.0,63.56376750106067
Tampa,United States,St. Pete Times Forum,Needtobreathe,914300.0,Speak Now World Tour,13695.0,13695.0,0.0,1,1.0,66.76159182183278
Miami,United States,American Airlines Arena,Needtobreathe,786904.0,Speak Now World Tour,12153.0,12153.0,0.0,1,1.0,64.74977371842344
Charlotte,United States,Time Warner Cable Arena,Needtobreathe,920903.0,Speak Now World Tour,14272.0,14272.0,0.0,1,1.0,64.52515414798206
Raleigh,United States,RBC Center,Needtobreathe,866056.0,Speak Now World Tour,13567.0,13567.0,0.0,1,1.0,63.835483157661976
Columbia,United States,Colonial Life Arena,Needtobreathe,828231.0,Speak Now World Tour,12807.0,12807.0,0.0,1,1.0,64.6701803701101
New York,United States,Madison Square Garden,Needtobreathe,994205.5,Speak Now World Tour,13326.0,13326.0,0.0,1,1.0,74.60644604532493
New York,United States,Madison Square Garden,Needtobreathe,994205.5,Speak Now World Tour,13326.0,13326.0,0.0,1,1.0,74.60644604532493
Perth,Australia,Burswood Dome,Hot Chelle Rae,1878530.0,Speak Now World Tour,15142.0,15142.0,0.0,1,1.0,124.06089023907013
Adelaide,Australia,Adelaide Entertainment Centre,Hot Chelle Rae,1075370.0,Speak Now World Tour,8589.0,8589.0,0.0,1,1.0,125.20316684130864
Brisbane,Australia,Brisbane Entertainment Centre,Hot Chelle Rae,1208015.0,Speak Now World Tour,9935.0,9935.0,0.0,1,1.0,121.59184700553598
Brisbane,Australia,Brisbane Entertainment Centre,Hot Chelle Rae,1208015.0,Speak Now World Tour,9935.0,9935.0,0.0,1,1.0,121.59184700553598
Sydney,Australia,Allphones Arena,Hot Chelle Rae,1710180.0,Speak Now World Tour,13950.0,13950.0,0.0,1,1.0,122.59354838709677
Sydney,Australia,Allphones Arena,Hot Chelle Rae,1710180.0,Speak Now World Tour,13950.0,13950.0,0.0,1,1.0,122.59354838709677
Melbourne,Australia,Rod Laver Arena,Hot Chelle Rae,1383883.3333333333,Speak Now World Tour,11264.333333333334,11264.333333333334,0.0,1,1.0,122.85532506732162
Melbourne,Australia,Rod Laver Arena,Hot Chelle Rae,1383883.3333333333,Speak Now World Tour,11264.333333333334,11264.333333333334,0.0,1,1.0,122.85532506732162
Melbourne,Australia,Rod Laver Arena,Hot Chelle Rae,1383883.3333333333,Speak Now World Tour,11264.333333333334,11264.333333333334,0.0,1,1.0,122.85532506732162
Auckland,New Zealand,Vector Arena,Hot Chelle Rae,962853.3333333334,Speak Now World Tour,10861.666666666666,10861.666666666666,0.0,1,1.0,88.64692343102655
Auckland,New Zealand,Vector Arena,Hot Chelle Rae,962853.3333333334,Speak Now World Tour,10861.666666666666,10861.666666666666,0.0,1,1.0,88.64692343102655
Auckland,New Zealand,Vector Arena,Hot Chelle Rae,962853.3333333334,Speak Now World Tour,10861.666666666666,10861.666666666666,0.0,1,1.0,88.64692343102655
Omaha,United States,CenturyLink Center Omaha,Ed Sheeran and Brett Eldredge,1121582.0,The Red Tour,13938.5,13938.5,0.0,2,1.0,80.46647774150733
Omaha,United States,CenturyLink Center Omaha,Ed Sheeran and Brett Eldredge,1121582.0,The Red Tour,13938.5,13938.5,0.0,2,1.0,80.46647774150733
St. Louis,United States,Scottrade Center,Ed Sheeran and Brett Eldredge,1173101.5,The Red Tour,14291.0,14291.0,0.0,2,1.0,82.08673290882373
St. Louis,United States,Scottrade Center,Ed Sheeran and Brett Eldredge,1173101.5,The Red Tour,14291.0,14291.0,0.0,2,1.0,82.08673290882373
Charlotte,United States,Time Warner Cable Arena,Ed Sheeran and Brett Eldredge,1162733.0,The Red Tour,14686.0,14686.0,0.0,2,1.0,79.17288574152253
Columbia,United States,Colonial Life Arena,Ed Sheeran and Brett Eldredge,996114.0,The Red Tour,12490.0,12490.0,0.0,2,1.0,79.7529223378703
Newark,United States,Prudential Center,Ed Sheeran and Florida Georgia Line,1188439.0,The Red Tour,12688.333333333334,12688.333333333334,0.0,2,1.0,93.66391698410612
Newark,United States,Prudential Center,Ed Sheeran and Florida Georgia Line,1188439.0,The Red Tour,12688.333333333334,12688.333333333334,0.0,2,1.0,93.66391698410612
Newark,United States,Prudential Center,Ed Sheeran and Florida Georgia Line,1188439.0,The Red Tour,12688.333333333334,12688.333333333334,0.0,2,1.0,93.66391698410612
Miami,United States,American Airlines Arena,Ed Sheeran and Brett Eldredge,1010175.0,The Red Tour,12808.0,12808.0,0.0,2,1.0,78.87062773266709
Orlando,United States,Amway Center,Ed Sheeran and Brett Eldredge,1027064.0,The Red Tour,12808.5,12808.5,0.0,2,1.0,80.1861264004372
Orlando,United States,Amway Center,Ed Sheeran and Brett Eldredge,1027064.0,The Red Tour,12808.5,12808.5,0.0,2,1.0,80.1861264004372
Atlanta,United States,Philips Arena,Ed Sheeran and Brett Eldredge,1024011.5,The Red Tour,12735.5,12735.5,0.0,2,1.0,80.4060696478348
Atlanta,United States,Philips Arena,Ed Sheeran and Brett Eldredge,1024011.5,The Red Tour,12735.5,12735.5,0.0,2,1.0,80.4060696478348
Tampa,United States,Tampa Bay Times Forum,Ed Sheeran and Brett Eldredge,1132095.0,The Red Tour,14080.0,14080.0,0.0,2,1.0,80.40447443181819
Cleveland,United States,Quicken Loans Arena,Ed Sheeran and Brett Eldredge,1247605.0,The Red Tour,15336.0,15336.0,0.0,2,1.0,81.351395409494
Indianapolis,United States,Bankers Life Fieldhouse,Ed Sheeran and Brett Eldredge,1082042.0,The Red Tour,13573.0,13573.0,0.0,2,1.0,79.72017976865837
Lexington,United States,Rupp Arena,Ed Sheeran and Brett Eldredge,1342699.0,The Red Tour,17003.0,17003.0,0.0,2,1.0,78.96835852496618
Detroit,United States,Ford Field,Ed Sheeran and Austin Mahone and Brett Eldredge,3969059.0,The Red Tour,48265.0,48265.0,0.0,3,1.0,82.23472495597224
Louisville,United States,KFC Yum! Center,Ed Sheeran and Florida Georgia Line,1246491.0,The Red Tour,15135.0,15135.0,0.0,2,1.0,82.3581764122894
Columbus,United States,Nationwide Arena,Ed Sheeran and Florida Georgia Line,1155170.0,The Red Tour,14267.0,14267.0,0.0,2,1.0,80.96796803812995
Washington,United States,Verizon Center,Ed Sheeran and Brett Eldredge,1244602.5,The Red Tour,13809.5,13809.5,0.0,2,1.0,90.12654332162641
Washington,United States,Verizon Center,Ed Sheeran and Brett Eldredge,1244602.5,The Red Tour,13809.5,13809.5,0.0,2,1.0,90.12654332162641
Houston,United States,Toyota Center,Ed Sheeran and Brett Eldredge,961422.0,The Red Tour,12467.0,12467.0,0.0,2,1.0,77.11734980348119
Austin,United States,Frank Erwin Center,Ed Sheeran and Florida Georgia Line,935631.0,The Red Tour,11916.0,11916.0,0.0,2,1.0,78.51888217522658
San Antonio,United States,AT&T Center,Ed Sheeran and Florida Georgia Line,1105253.0,The Red Tour,13974.0,13974.0,0.0,2,1.0,79.09353084299413
Arlington,United States,Cowboys Stadium,Ed Sheeran and Austin Mahone and Florida Georgia Line,4589266.0,The Red Tour,53020.0,53020.0,0.0,3,1.0,86.55726141078839
Glendale,United States,Jobing.com Arena,Ed Sheeran and Joel Crouse,1119685.0,The Red Tour,13352.5,13352.5,0.0,2,1.0,83.85583224115334
Glendale,United States,Jobing.com Arena,Ed Sheeran and Joel Crouse,1119685.0,The Red Tour,13352.5,13352.5,0.0,2,1.0,83.85583224115334
Salt Lake City,United States,EnergySolutions Arena,Ed Sheeran and Joel Crouse,1139360.0,The Red Tour,14007.0,14007.0,0.0,2,1.0,81.34218604983222
Denver,United States,Pepsi Center,Ed Sheeran and Joel Crouse,1076069.0,The Red Tour,13489.0,13489.0,0.0,2,1.0,79.77381570168285
Toronto,Canada,Rogers Centre,Ed Sheeran and Austin Mahone and Joel Crouse,3931655.0,The Red Tour,43813.5,43813.5,0.0,3,1.0,89.73615438164036
Toronto,Canada,Rogers Centre,Ed Sheeran and Austin Mahone and Joel Crouse,3931655.0,The Red Tour,43813.5,43813.5,0.0,3,1.0,89.73615438164036
Winnipeg,Canada,Investors Group Field,Ed Sheeran and Austin Mahone and Joel Crouse,3175430.0,The Red Tour,33061.0,33061.0,0.0,3,1.0,96.04760896524606
Edmonton,Canada,Rexall Place,Ed Sheeran and Joel Crouse,1189935.0,The Red Tour,12831.5,12831.5,0.0,2,1.0,92.73545571445271
Edmonton,Canada,Rexall Place,Ed Sheeran and Joel Crouse,1189935.0,The Red Tour,12831.5,12831.5,0.0,2,1.0,92.73545571445271
Vancouver,Canada,BC Place Stadium,Ed Sheeran and Austin Mahone and Joel Crouse,3974410.0,The Red Tour,41142.0,41142.0,0.0,3,1.0,96.60225560254727
Pittsburgh,United States,Heinz Field,Ed Sheeran and Austin Mahone and Joel Crouse,4718518.0,The Red Tour,56047.0,56047.0,0.0,3,1.0,84.18859171766553
East Rutherford,United States,MetLife Stadium,Ed Sheeran and Austin Mahone and Joel Crouse,4670011.0,The Red Tour,52399.0,52399.0,0.0,3,1.0,89.12404816885818
Philadelphia,United States,Lincoln Financial Field,Ed Sheeran and Austin Mahone and Joel Crouse,4411167.5,The Red Tour,50638.5,50638.5,0.0,3,1.0,87.11094325463827
Philadelphia,United States,Lincoln Financial Field,Ed Sheeran and Austin Mahone and Joel Crouse,4411167.5,The Red Tour,50638.5,50638.5,0.0,3,1.0,87.11094325463827
Foxborough,United States,Gillette Stadium,Ed Sheeran and Austin Mahone and Joel Crouse,4732031.5,The Red Tour,55356.0,55356.0,0.0,3,1.0,85.48362417804755
Foxborough,United States,Gillette Stadium,Ed Sheeran and Austin Mahone and Joel Crouse,4732031.5,The Red Tour,55356.0,55356.0,0.0,3,1.0,85.48362417804755
Des Moines,United States,Wells Fargo Arena,Ed Sheeran and Florida Georgia Line,1075576.0,The Red Tour,13368.0,13368.0,0.0,2,1.0,80.4590065828845
Kansas City,United States,Sprint Center,Ed Sheeran and Florida Georgia Line,1046586.0,The Red Tour,13206.0,13206.0,0.0,2,1.0,79.25079509313949
Kansas City,United States,Sprint Center,Ed Sheeran and Florida Georgia Line,1046586.0,The Red Tour,13206.0,13206.0,0.0,2,1.0,79.25079509313949
Wichita,United States,Intrust Bank Arena,Ed Sheeran and Casey James,983882.0,The Red Tour,12231.0,12231.0,0.0,2,1.0,80.44166462268008
Tulsa,United States,BOK Center,Ed Sheeran and Casey James,868955.0,The Red Tour,10949.0,10949.0,0.0,2,1.0,79.36386884647
Chicago,United States,Soldier Field,Ed Sheeran and Austin Mahone and Casey James,4149148.0,The Red Tour,50809.0,50809.0,0.0,3,1.0,81.66167411285402
San Diego,United States,Valley View Casino Center,Ed Sheeran and Casey James,948541.0,The Red Tour,10872.0,10872.0,0.0,2,1.0,87.24622884473878
Los Angeles,United States,Staples Center,Ed Sheeran and Casey James,1183615.75,The Red Tour,13957.25,13957.25,0.0,2,1.0,84.80293395905353
Los Angeles,United States,Staples Center,Ed Sheeran and Casey James,1183615.75,The Red Tour,13957.25,13957.25,0.0,2,1.0,84.80293395905353
Los Angeles,United States,Staples Center,Ed Sheeran and Casey James,1183615.75,The Red Tour,13957.25,13957.25,0.0,2,1.0,84.80293395905353
Los Angeles,United States,Staples Center,Ed Sheeran and Casey James,1183615.75,The Red Tour,13957.25,13957.25,0.0,2,1.0,84.80293395905353
Sacramento,United States,Sleep Train Arena,Ed Sheeran and Casey James,1138103.0,The Red Tour,12795.0,12795.0,0.0,2,1.0,88.94904259476358
Portland,United States,Moda Center,Ed Sheeran and Casey James,1084760.0,The Red Tour,13952.0,13952.0,0.0,2,1.0,77.74942660550458
Tacoma,United States,Tacoma Dome,Ed Sheeran and Casey James,1584049.0,The Red Tour,20348.0,20348.0,0.0,2,1.0,77.84789659917436
Fargo,United States,Fargodome,Ed Sheeran and Casey James,1661578.0,The Red Tour,21073.0,21073.0,0.0,2,1.0,78.84866891282684
Saint Paul,United States,Xcel Energy Center,Ed Sheeran and Casey James,1160468.5,The Red Tour,14460.0,14460.0,0.0,2,1.0,80.25369986168741
Saint Paul,United States,Xcel Energy Center,Ed Sheeran and Casey James,1160468.5,The Red Tour,14460.0,14460.0,0.0,2,1.0,80.25369986168741
Greensboro,United States,Greensboro Coliseum,Ed Sheeran and Casey James,1109253.0,The Red Tour,13650.0,13650.0,0.0,2,1.0,81.26395604395604
Raleigh,United States,PNC Arena,Ed Sheeran and Casey James,1088612.0,The Red Tour,13941.0,13941.0,0.0,2,1.0,78.08708127107094
Charlottesville,United States,John Paul Jones Arena,Ed Sheeran and Casey James,997216.0,The Red Tour,12689.0,12689.0,0.0,2,1.0,78.5890141067066
Nashville,United States,Bridgestone Arena,Ed Sheeran and Casey James,1112181.6666666667,The Red Tour,13764.0,13764.0,0.0,2,1.0,80.80366656979561
Nashville,United States,Bridgestone Arena,Ed Sheeran and Casey James,1112181.6666666667,The Red Tour,13764.0,13764.0,0.0,2,1.0,80.80366656979561
Nashville,United States,Bridgestone Arena,Ed Sheeran and Casey James,1112181.6666666667,The Red Tour,13764.0,13764.0,0.0,2,1.0,80.80366656979561
Auckland,New Zealand,Vector Arena,Neon Trees,1033430.0,The Red Tour,10266.333333333334,10266.333333333334,0.0,1,1.0,100.66203448163901
Auckland,New Zealand,Vector Arena,Neon Trees,1033430.0,The Red Tour,10266.333333333334,10266.333333333334,0.0,1,1.0,100.66203448163901
Auckland,New Zealand,Vector Arena,Neon Trees,1033430.0,The Red Tour,10266.333333333334,10266.333333333334,0.0,1,1.0,100.66203448163901
Sydney,Australia,Allianz Stadium,Guy Sebastian and Neon Trees,4096060.0,The Red Tour,40930.0,40930.0,0.0,2,1.0,100.07476178841925
Brisbane,Australia,Suncorp Stadium,Guy Sebastian and Neon Trees,3895810.0,The Red Tour,38907.0,38907.0,0.0,2,1.0,100.13133883362892
Perth,Australia,Perth Rectangular Stadium,Guy Sebastian and Neon Trees,2364080.0,The Red Tour,21827.0,21827.0,0.0,2,1.0,108.30989141888487
Melbourne,Australia,Etihad Stadium,Guy Sebastian and Neon Trees,4547250.0,The Red Tour,47257.0,47257.0,0.0,2,1.0,96.2238398544131
London,England,The O2 Arena,The Vamps,1943080.0,The Red Tour,24913.333333333332,24913.333333333332,0.0,1,1.0,77.99357773615199
London,England,The O2 Arena,The Vamps,1943080.0,The Red Tour,24913.333333333332,24913.333333333332,0.0,1,1.0,77.99357773615199
London,England,The O2 Arena,The Vamps,1943080.0,The Red Tour,24913.333333333332,24913.333333333332,0.0,1,1.0,77.99357773615199
Berlin,Germany,O2 World,Andreas Bourani,755006.0,The Red Tour,10350.0,10350.0,0.0,1,1.0,72.94743961352657
Shanghai,China,Mercedes-Benz Arena,No Opening Act,1864934.0,The Red Tour,12793.0,12793.0,0.0,0,1.0,145.77769092472445
Saitama,Japan,Saitama Super Arena,CTS,1837147.0,The Red Tour,20046.0,20046.0,0.0,1,1.0,91.64656290531777
Jakarta,Indonesia,MEIS Ancol,Nicole Zefanya,1481473.0,The Red Tour,8130.0,8130.0,0.0,1,1.0,182.2230012300123
Pasay,Philippines,Mall of Asia Arena,Meg Bucsit,1511662.0,The Red Tour,9775.0,9775.0,0.0,1,1.0,154.64572890025576
Singapore,Singapore,Singapore Indoor Stadium,Imprompt-3,2524080.0,The Red Tour,16344.0,16344.0,0.0,1,1.0,154.4346549192364
Kuala Lumpur,Malaysia,Putra Indoor Stadium,IamNeeta,998608.0,The Red Tour,7525.0,7525.0,0.0,1,1.0,132.70538205980066
Tokyo,Japan,Tokyo Dome,No Opening Act,5293414.0,The 1989 World Tour,50160.0,50160.0,0.0,0,1.0,105.53058213716109
Tokyo,Japan,Tokyo Dome,No Opening Act,5293414.0,The 1989 World Tour,50160.0,50160.0,0.0,0,1.0,105.53058213716109
Bossier City,United States,CenturyLink Center,Vance Joy,1458197.0,The 1989 World Tour,12459.0,12459.0,0.0,1,1.0,117.03965005217113
Baton Rouge,United States,LSU Tiger Stadium,Vance Joy and Shawn Mendes,4119670.0,The 1989 World Tour,50227.0,50227.0,0.0,2,1.0,82.02102454854959
Detroit,United States,Ford Field,Vance Joy and Shawn Mendes,5999690.0,The 1989 World Tour,50703.0,50703.0,0.0,2,1.0,118.3300790880224
Louisville,United States,KFC Yum! Center,Vance Joy,1863281.0,The 1989 World Tour,16242.0,16242.0,0.0,1,1.0,114.71992365472232
Cleveland,United States,Quicken Loans Arena,Vance Joy,1732041.0,The 1989 World Tour,15503.0,15503.0,0.0,1,1.0,111.72295684706187
Pittsburgh,United States,Heinz Field,Vance Joy and Shawn Mendes,5836926.0,The 1989 World Tour,54801.0,54801.0,0.0,2,1.0,106.51130453823835
Charlotte,United States,Time Warner Cable Arena,Vance Joy,1627798.0,The 1989 World Tour,15024.0,15024.0,0.0,1,1.0,108.34651224707136
Raleigh,United States,PNC Arena,Vance Joy,1653762.0,The 1989 World Tour,13886.0,13886.0,0.0,1,1.0,119.09563589226559
Philadelphia,United States,Lincoln Financial Field,Vance Joy and Shawn Mendes,5993908.0,The 1989 World Tour,50526.0,50526.0,0.0,2,1.0,118.63017060523295
Philadelphia,United States,Lincoln Financial Field,Vance Joy and Shawn Mendes,5993908.0,The 1989 World Tour,50526.0,50526.0,0.0,2,1.0,118.63017060523295
Cologne,Germany,Lanxess Arena,James Bay,1027345.0,The 1989 World Tour,14510.0,14510.0,0.0,1,1.0,70.802549965541
Cologne,Germany,Lanxess Arena,James Bay,1027345.0,The 1989 World Tour,14510.0,14510.0,0.0,1,1.0,70.802549965541
Amsterdam,Netherlands,Ziggo Dome,James Bay,800829.0,The 1989 World Tour,11166.0,11166.0,0.0,1,1.0,71.72031166039764
Glasgow,Scotland,SSE Hydro,Vance Joy,1119300.0,The 1989 World Tour,11021.0,11021.0,0.0,1,1.0,101.56065692768351
Manchester,England,Manchester Arena,Vance Joy,1478760.0,The 1989 World Tour,14773.0,14773.0,0.0,1,1.0,100.09882894469641
Dublin,Ireland,3Arena,Vance Joy,987755.0,The 1989 World Tour,12594.0,12594.0,0.0,1,1.0,78.43060187390822
Dublin,Ireland,3Arena,Vance Joy,987755.0,The 1989 World Tour,12594.0,12594.0,0.0,1,1.0,78.43060187390822
Ottawa,Canada,Canadian Tire Centre,Vance Joy,1325480.0,The 1989 World Tour,13480.0,13480.0,0.0,1,1.0,98.3293768545994
Montreal,Canada,Bell Centre,Vance Joy,1499040.0,The 1989 World Tour,14770.0,14770.0,0.0,1,1.0,101.49221394719025
East Rutherford,United States,MetLife Stadium,Vance Joy and Shawn Mendes and Haim,6711929.0,The 1989 World Tour,55052.5,55052.5,0.0,3,1.0,121.9186957903819
East Rutherford,United States,MetLife Stadium,Vance Joy and Shawn Mendes and Haim,6711929.0,The 1989 World Tour,55052.5,55052.5,0.0,3,1.0,121.9186957903819
Washington,United States,Nationals Park,Vance Joy and Shawn Mendes and Haim,4865298.0,The 1989 World Tour,42507.0,42507.0,0.0,3,1.0,114.45874797092243
Washington,United States,Nationals Park,Vance Joy and Shawn Mendes and Haim,4865298.0,The 1989 World Tour,42507.0,42507.0,0.0,3,1.0,114.45874797092243
Chicago,United States,Soldier Field,Vance Joy and Shawn Mendes and Haim,5734943.5,The 1989 World Tour,55054.5,55054.5,0.0,3,1.0,104.1684785076606
Chicago,United States,Soldier Field,Vance Joy and Shawn Mendes and Haim,5734943.5,The 1989 World Tour,55054.5,55054.5,0.0,3,1.0,104.1684785076606
Foxborough,United States,Gillette Stadium,Vance Joy and Shawn Mendes and Haim,6266583.0,The 1989 World Tour,58424.5,58424.5,0.0,3,1.0,107.25950585798766
Foxborough,United States,Gillette Stadium,Vance Joy and Shawn Mendes and Haim,6266583.0,The 1989 World Tour,58424.5,58424.5,0.0,3,1.0,107.25950585798766
Vancouver,Canada,BC Place,Vance Joy and Shawn Mendes,4081820.0,The 1989 World Tour,41463.0,41463.0,0.0,2,1.0,98.44487856643272
Edmonton,Canada,Rexall Place,Vance Joy,1193540.0,The 1989 World Tour,13267.0,13267.0,0.0,1,1.0,89.96306625461672
Edmonton,Canada,Rexall Place,Vance Joy,1193540.0,The 1989 World Tour,13267.0,13267.0,0.0,1,1.0,89.96306625461672
Seattle,United States,CenturyLink Field,Vance Joy and Shawn Mendes,6050643.0,The 1989 World Tour,55711.0,55711.0,0.0,2,1.0,108.60768968426343
Santa Clara,United States,Levi's Stadium,Vance Joy and Shawn Mendes,6515573.0,The 1989 World Tour,51069.5,51069.5,0.0,2,1.0,127.58247094645532
Santa Clara,United States,Levi's Stadium,Vance Joy and Shawn Mendes,6515573.0,The 1989 World Tour,51069.5,51069.5,0.0,2,1.0,127.58247094645532
Glendale,United States,Gila River Arena,Vance Joy,1514814.0,The 1989 World Tour,13260.0,13260.0,0.0,1,1.0,114.2393665158371
Glendale,United States,Gila River Arena,Vance Joy,1514814.0,The 1989 World Tour,13260.0,13260.0,0.0,1,1.0,114.2393665158371
Los Angeles,United States,Staples Center,Vance Joy and Haim,1792336.2,The 1989 World Tour,14112.6,14112.6,0.0,2,1.0,127.00255091195102
Los Angeles,United States,Staples Center,Vance Joy and Haim,1792336.2,The 1989 World Tour,14112.6,14112.6,0.0,2,1.0,127.00255091195102
Los Angeles,United States,Staples Center,Vance Joy and Haim,1792336.2,The 1989 World Tour,14112.6,14112.6,0.0,2,1.0,127.00255091195102
Los Angeles,United States,Staples Center,Vance Joy and Haim,1792336.2,The 1989 World Tour,14112.6,14112.6,0.0,2,1.0,127.00255091195102
Los Angeles,United States,Staples Center,Vance Joy and Haim,1792336.2,The 1989 World Tour,14112.6,14112.6,0.0,2,1.0,127.00255091195102
San Diego,United States,Petco Park,Vance Joy and Shawn Mendes,5475237.0,The 1989 World Tour,44710.0,44710.0,0.0,2,1.0,122.46112726459405
Salt Lake City,United States,EnergySolutions Arena,Vance Joy,1589686.0,The 1989 World Tour,14131.0,14131.0,0.0,1,1.0,112.49635553039417
Denver,United States,Pepsi Center,Vance Joy,1434495.5,The 1989 World Tour,13563.0,13563.0,0.0,1,1.0,105.76535427265354
Denver,United States,Pepsi Center,Vance Joy,1434495.5,The 1989 World Tour,13563.0,13563.0,0.0,1,1.0,105.76535427265354
Houston,United States,Minute Maid Park,Vance Joy and Shawn Mendes,5202196.0,The 1989 World Tour,40122.0,40122.0,0.0,2,1.0,129.65943871192863
Saint Paul,United States,Xcel Energy Center,Vance Joy,1838287.6666666667,The 1989 World Tour,15042.0,15042.0,0.0,1,1.0,122.21032220892613
Saint Paul,United States,Xcel Energy Center,Vance Joy,1838287.6666666667,The 1989 World Tour,15042.0,15042.0,0.0,1,1.0,122.21032220892613
Saint Paul,United States,Xcel Energy Center,Vance Joy,1838287.6666666667,The 1989 World Tour,15042.0,15042.0,0.0,1,1.0,122.21032220892613
Indianapolis,United States,Bankers Life Fieldhouse,Vance Joy,1550268.0,The 1989 World Tour,14010.0,14010.0,0.0,1,1.0,110.65438972162741
Columbus,United States,Nationwide Arena,Vance Joy,1684846.5,The 1989 World Tour,14968.0,14968.0,0.0,1,1.0,112.5632349011224
Columbus,United States,Nationwide Arena,Vance Joy,1684846.5,The 1989 World Tour,14968.0,14968.0,0.0,1,1.0,112.5632349011224
Kansas City,United States,Sprint Center,Vance Joy,1483779.0,The 1989 World Tour,13928.5,13928.5,0.0,1,1.0,106.5282693757404
Kansas City,United States,Sprint Center,Vance Joy,1483779.0,The 1989 World Tour,13928.5,13928.5,0.0,1,1.0,106.5282693757404
Nashville,United States,Bridgestone Arena,Vance Joy and Haim,1677422.0,The 1989 World Tour,14458.5,14458.5,0.0,2,1.0,116.01632257841408
Nashville,United States,Bridgestone Arena,Vance Joy and Haim,1677422.0,The 1989 World Tour,14458.5,14458.5,0.0,2,1.0,116.01632257841408
St. Louis,United States,Scottrade Center,Vance Joy and Haim,1726470.0,The 1989 World Tour,14844.0,14844.0,0.0,2,1.0,116.30759902991107
St. Louis,United States,Scottrade Center,Vance Joy and Haim,1726470.0,The 1989 World Tour,14844.0,14844.0,0.0,2,1.0,116.30759902991107
Toronto,Canada,Rogers Centre,Vance Joy and Shawn Mendes,4335495.0,The 1989 World Tour,49641.5,49641.5,0.0,2,1.0,87.33609983582285
Toronto,Canada,Rogers Centre,Vance Joy and Shawn Mendes,4335495.0,The 1989 World Tour,49641.5,49641.5,0.0,2,1.0,87.33609983582285
Des Moines,United States,Wells Fargo Arena,Vance Joy,1566321.0,The 1989 World Tour,13969.0,13969.0,0.0,1,1.0,112.1283556446417
Omaha,United States,CenturyLink Center Omaha,Vance Joy,1560710.5,The 1989 World Tour,14811.0,14811.0,0.0,1,1.0,105.37509283640537
Omaha,United States,CenturyLink Center Omaha,Vance Joy,1560710.5,The 1989 World Tour,14811.0,14811.0,0.0,1,1.0,105.37509283640537
Fargo,United States,Fargodome,Vance Joy,2219188.0,The 1989 World Tour,21067.0,21067.0,0.0,1,1.0,105.33953576683913
Arlington,United States,AT&T Stadium,Vance Joy and Shawn Mendes,7396733.0,The 1989 World Tour,62630.0,62630.0,0.0,2,1.0,118.10207568258024
Lexington,United States,Rupp Arena,Vance Joy,1870471.0,The 1989 World Tour,17084.0,17084.0,0.0,1,1.0,109.48671271365019
Greensboro,United States,Greensboro Coliseum,Vance Joy,1662171.0,The 1989 World Tour,15079.0,15079.0,0.0,1,1.0,110.23085085217852
Atlanta,United States,Georgia Dome,Vance Joy and Shawn Mendes,6034846.0,The 1989 World Tour,56046.0,56046.0,0.0,2,1.0,107.67665845912286
Miami,United States,American Airlines Arena,Vance Joy,1527919.0,The 1989 World Tour,14044.0,14044.0,0.0,1,1.0,108.79514383366562
Tampa,United States,Raymond James Stadium,Vance Joy and Shawn Mendes,6202515.0,The 1989 World Tour,56987.0,56987.0,0.0,2,1.0,108.84087598926071
Singapore,Singapore,Singapore Indoor Stadium,No Opening Act,1608784.5,The 1989 World Tour,8863.0,8863.0,0.0,0,1.0,181.51692429200045
Singapore,Singapore,Singapore Indoor Stadium,No Opening Act,1608784.5,The 1989 World Tour,8863.0,8863.0,0.0,0,1.0,181.51692429200045
Shanghai,China,Mercedes-Benz Arena,No Opening Act,1972449.3333333333,The 1989 World Tour,12586.0,12586.0,0.0,0,1.0,156.71772869325704
Shanghai,China,Mercedes-Benz Arena,No Opening Act,1972449.3333333333,The 1989 World Tour,12586.0,12586.0,0.0,0,1.0,156.71772869325704
Shanghai,China,Mercedes-Benz Arena,No Opening Act,1972449.3333333333,The 1989 World Tour,12586.0,12586.0,0.0,0,1.0,156.71772869325704
Sydney,Australia,ANZ Stadium,Vance Joy,6571683.0,The 1989 World Tour,75980.0,75980.0,0.0,1,1.0,86.49227428270598
Brisbane,Australia,Suncorp Stadium,Vance Joy,4759471.0,The 1989 World Tour,46881.0,46881.0,0.0,1,1.0,101.52238646786545
Adelaide,Australia,Adelaide Entertainment Centre,Vance Joy,1203749.5,The 1989 World Tour,10045.0,10045.0,0.0,1,1.0,119.8356893977103
Adelaide,Australia,Adelaide Entertainment Centre,Vance Joy,1203749.5,The 1989 World Tour,10045.0,10045.0,0.0,1,1.0,119.8356893977103
Melbourne,Australia,AAMI Park,Vance Joy,3473851.0,The 1989 World Tour,32712.0,32712.0,0.0,1,1.0,106.19500489117144
Melbourne,Australia,AAMI Park,Vance Joy,3473851.0,The 1989 World Tour,32712.0,32712.0,0.0,1,1.0,106.19500489117144
Melbourne,Australia,AAMI Park,Vance Joy,3473851.0,The 1989 World Tour,32712.0,32712.0,0.0,1,1.0,106.19500489117144
Glendale,United States,University of Phoenix Stadium,Camila Cabello and Charli XCX,7214478.0,Reputation Stadium Tour,59157.0,59157.0,0.0,2,1.0,121.95476444038745
Santa Clara,United States,Levi's Stadium,Camila Cabello and Charli XCX,7003481.5,Reputation Stadium Tour,53775.0,53775.0,0.0,2,1.0,130.2367549976755
Santa Clara,United States,Levi's Stadium,Camila Cabello and Charli XCX,7003481.5,Reputation Stadium Tour,53775.0,53775.0,0.0,2,1.0,130.2367549976755
Pasadena,United States,Rose Bowl,Camila Cabello and Charli XCX,8125990.0,Reputation Stadium Tour,59042.0,59042.0,0.0,2,1.0,137.63066969276107
Pasadena,United States,Rose Bowl,Camila Cabello and Charli XCX,8125990.0,Reputation Stadium Tour,59042.0,59042.0,0.0,2,1.0,137.63066969276107
Seattle,United States,CenturyLink Field,Charli XCX,8672219.0,Reputation Stadium Tour,56021.0,56021.0,0.0,1,1.0,154.8030024455115
Denver,United States,Sports Authority Field at Mile High,Camila Cabello and Charli XCX,7926366.0,Reputation Stadium Tour,57140.0,57140.0,0.0,2,1.0,138.71834091704585
Chicago,United States,Soldier Field,Camila Cabello and Charli XCX,7288348.5,Reputation Stadium Tour,52604.0,52604.0,0.0,2,1.0,138.55122234050643
Chicago,United States,Soldier Field,Camila Cabello and Charli XCX,7288348.5,Reputation Stadium Tour,52604.0,52604.0,0.0,2,1.0,138.55122234050643
Manchester,England,Etihad Stadium,Camila Cabello and Charli XCX,3084862.0,Reputation Stadium Tour,38629.0,38629.0,0.0,2,1.0,79.85870718889953
Manchester,England,Etihad Stadium,Camila Cabello and Charli XCX,3084862.0,Reputation Stadium Tour,38629.0,38629.0,0.0,2,1.0,79.85870718889953
Dublin,Ireland,Croke Park,Camila Cabello and Charli XCX,4283884.5,Reputation Stadium Tour,66517.0,66517.0,0.0,2,1.0,64.40285190252116
Dublin,Ireland,Croke Park,Camila Cabello and Charli XCX,4283884.5,Reputation Stadium Tour,66517.0,66517.0,0.0,2,1.0,64.40285190252116
London,England,Wembley Stadium,Camila Cabello and Charli XCX,6107466.5,Reputation Stadium Tour,71713.5,71713.5,0.0,2,1.0,85.16480857858005
London,England,Wembley Stadium,Camila Cabello and Charli XCX,6107466.5,Reputation Stadium Tour,71713.5,71713.5,0.0,2,1.0,85.16480857858005
Louisville,United States,Cardinal Stadium,Camila Cabello and Charli XCX,4928219.0,Reputation Stadium Tour,52138.0,52138.0,0.0,2,1.0,94.52259388545782
Columbus,United States,Ohio Stadium,Camila Cabello and Charli XCX,6606529.0,Reputation Stadium Tour,62897.0,62897.0,0.0,2,1.0,105.03726727824856
Landover,United States,FedExField,Camila Cabello and Charli XCX,5698002.0,Reputation Stadium Tour,47836.0,47836.0,0.0,2,1.0,119.11535245421858
Landover,United States,FedExField,Camila Cabello and Charli XCX,5698002.0,Reputation Stadium Tour,47836.0,47836.0,0.0,2,1.0,119.11535245421858
Philadelphia,United States,Lincoln Financial Field,Camila Cabello and Charli XCX,5975523.5,Reputation Stadium Tour,53689.0,53689.0,0.0,2,1.0,111.29884147590754
Philadelphia,United States,Lincoln Financial Field,Camila Cabello and Charli XCX,5975523.5,Reputation Stadium Tour,53689.0,53689.0,0.0,2,1.0,111.29884147590754
Cleveland,United States,FirstEnergy Stadium,Camila Cabello and Charli XCX,5148757.0,Reputation Stadium Tour,51323.0,51323.0,0.0,2,1.0,100.32065545661789
East Rutherford,United States,MetLife Stadium,Camila Cabello and Charli XCX,7343795.333333333,Reputation Stadium Tour,55218.0,55218.0,0.0,2,1.0,132.99640213939898
East Rutherford,United States,MetLife Stadium,Camila Cabello and Charli XCX,7343795.333333333,Reputation Stadium Tour,55218.0,55218.0,0.0,2,1.0,132.99640213939898
East Rutherford,United States,MetLife Stadium,Camila Cabello and Charli XCX,7343795.333333333,Reputation Stadium Tour,55218.0,55218.0,0.0,2,1.0,132.99640213939898
Foxborough,United States,Gillette Stadium,Camila Cabello and Charli XCX,7259948.666666667,Reputation Stadium Tour,58254.666666666664,58254.666666666664,0.0,2,1.0,124.62432766473646
Foxborough,United States,Gillette Stadium,Camila Cabello and Charli XCX,7259948.666666667,Reputation Stadium Tour,58254.666666666664,58254.666666666664,0.0,2,1.0,124.62432766473646
Foxborough,United States,Gillette Stadium,Camila Cabello and Charli XCX,7259948.666666667,Reputation Stadium Tour,58254.666666666664,58254.666666666664,0.0,2,1.0,124.62432766473646
Toronto,Canada,Rogers Centre,Camila Cabello and Charli XCX,5588500.0,Reputation Stadium Tour,50155.0,50155.0,0.0,2,1.0,111.42458379025022
Toronto,Canada,Rogers Centre,Camila Cabello and Charli XCX,5588500.0,Reputation Stadium Tour,50155.0,50155.0,0.0,2,1.0,111.42458379025022
Pittsburgh,United States,Heinz Field,Camila Cabello and Charli XCX,6230876.0,Reputation Stadium Tour,56445.0,56445.0,0.0,2,1.0,110.38844893258924
Atlanta,United States,Mercedes-Benz Stadium,Camila Cabello and Charli XCX,9044707.5,Reputation Stadium Tour,58373.0,58373.0,0.0,2,1.0,154.94676477138404
Atlanta,United States,Mercedes-Benz Stadium,Camila Cabello and Charli XCX,9044707.5,Reputation Stadium Tour,58373.0,58373.0,0.0,2,1.0,154.94676477138404
Tampa,United States,Raymond James Stadium,Camila Cabello and Charli XCX,7244264.0,Reputation Stadium Tour,55909.0,55909.0,0.0,2,1.0,129.57241231286554
Miami Gardens,United States,Hard Rock Stadium,Camila Cabello and Charli XCX,7072164.0,Reputation Stadium Tour,47818.0,47818.0,0.0,2,1.0,147.89752812748338
Nashville,United States,Nissan Stadium,Camila Cabello and Charli XCX,9007179.0,Reputation Stadium Tour,56112.0,56112.0,0.0,2,1.0,160.52143926432848
Detroit,United States,Ford Field,Camila Cabello and Charli XCX,6597852.0,Reputation Stadium Tour,49464.0,49464.0,0.0,2,1.0,133.38694808345463
Minneapolis,United States,U.S. Bank Stadium,Camila Cabello and Charli XCX,5121012.0,Reputation Stadium Tour,49387.0,49387.0,0.0,2,1.0,103.6914977625691
Minneapolis,United States,U.S. Bank Stadium,Camila Cabello and Charli XCX,5121012.0,Reputation Stadium Tour,49387.0,49387.0,0.0,2,1.0,103.6914977625691
Kansas City,United States,Arrowhead Stadium,Camila Cabello and Charli XCX,6730138.0,Reputation Stadium Tour,58611.0,58611.0,0.0,2,1.0,114.82721673406016
Indianapolis,United States,Lucas Oil Stadium,Camila Cabello and Charli XCX,6531245.0,Reputation Stadium Tour,55729.0,55729.0,0.0,2,1.0,117.1965224568896
St. Louis,United States,The Dome at America's Center,Camila Cabello and Charli XCX,4884054.0,Reputation Stadium Tour,47831.0,47831.0,0.0,2,1.0,102.11063954339237
New Orleans,United States,Mercedes-Benz Superdome,Camila Cabello and Charli XCX,6491546.0,Reputation Stadium Tour,53172.0,53172.0,0.0,2,1.0,122.08579703603401
Houston,United States,NRG Stadium,Camila Cabello and Charli XCX,9350275.0,Reputation Stadium Tour,53800.0,53800.0,0.0,2,1.0,173.79693308550185
Arlington,United States,AT&T Stadium,Camila Cabello and Charli XCX,7503078.5,Reputation Stadium Tour,52501.0,52501.0,0.0,2,1.0,142.91305879888003
Arlington,United States,AT&T Stadium,Camila Cabello and Charli XCX,7503078.5,Reputation Stadium Tour,52501.0,52501.0,0.0,2,1.0,142.91305879888003
Perth,Australia,Optus Stadium,Charli XCX and Broods,4153658.0,Reputation Stadium Tour,50891.0,50891.0,0.0,2,1.0,81.61871450747677
Melbourne,Australia,Marvel Stadium,Charli XCX and Broods,6755570.0,Reputation Stadium Tour,63027.0,63027.0,0.0,2,1.0,107.18533326986847
Sydney,Australia,ANZ Stadium,Charli XCX and Broods,7686564.0,Reputation Stadium Tour,72805.0,72805.0,0.0,2,1.0,105.57741913330129
Brisbane,Australia,The Gabba,Charli XCX and Broods,4338127.0,Reputation Stadium Tour,43907.0,43907.0,0.0,2,1.0,98.8026282825062
Auckland,New Zealand,Mount Smart Stadium,Charli XCX and Broods,3617593.0,Reputation Stadium Tour,35749.0,35749.0,0.0,2,1.0,101.19424319561386
Tokyo,Japan,Tokyo Dome,Charli XCX,7429923.5,Reputation Stadium Tour,50054.5,50054.5,0.0,1,1.0,148.4366740253124
Tokyo,Japan,Tokyo Dome,Charli XCX,7429923.5,Reputation Stadium Tour,50054.5,50054.5,0.0,1,1.0,148.4366740253124
